id,name,model_id:id,group_id:id,perm_read,perm_write,perm_create,perm_unlink
access_glory_transaction_pos_user,glory_transaction pos_user,pos_glory_connector.model_glory_transaction,point_of_sale.group_pos_user,1,1,1,0
access_glory_transaction_manager,glory_transaction manager,pos_glory_connector.model_glory_transaction,pos_glory_connector.group_pos_glory_connector_category_manager,1,1,1,0
access_glory_transaction_manager_deletion,glory_transaction manager_deletion,pos_glory_connector.model_glory_transaction,pos_glory_connector.group_pos_glory_connector_category_manager_deletion,1,1,1,1
access_glory_transaction_mail_pos_user,glory_transaction_mail pos_user,pos_glory_connector.model_glory_transaction_mail,point_of_sale.group_pos_user,1,1,1,0
access_glory_transaction_mail_manager,glory_transaction_mail manager,pos_glory_connector.model_glory_transaction_mail,pos_glory_connector.group_pos_glory_connector_category_manager,1,1,1,0
access_glory_transaction_mail_manager_deletion,glory_transaction_mail manager_deletion,pos_glory_connector.model_glory_transaction_mail,pos_glory_connector.group_pos_glory_connector_category_manager_deletion,1,1,1,1
access_glory_transaction_report_pos_user,glory_transaction_report pos_user,pos_glory_connector.model_glory_transaction_report,point_of_sale.group_pos_user,1,1,1,0
access_glory_transaction_report_manager,glory_transaction_report manager,pos_glory_connector.model_glory_transaction_report,pos_glory_connector.group_pos_glory_connector_category_manager,1,1,1,0
access_glory_transaction_report_manager_deletion,glory_transaction_report manager_deletion,pos_glory_connector.model_glory_transaction_report,pos_glory_connector.group_pos_glory_connector_category_manager_deletion,1,1,1,1
